id,name,pincode,district,state,region,division,status,mappingVersion,latitude,longitude
PO-411014-dd40b6,9 BRD B.O,411014,Pune,Maharashtra,Pune Region,Pune City East,active,V1,,
PO-411004-8c8a68,A.R. Shala S.O,411004,Pune,Maharashtra,Pune Region,Pune City West,active,V1,,
PO-411032-20c68a,Airport Pune SO,411032,Pune,Maharashtra,Pune Region,Pune City East,active,V1,,
PO-412115-4b0052,Ambarvet B.O,412115,Pune,Maharashtra,Pune Region,Pune City West,active,V1,,
PO-411073-19d7bd,Ambegaon Bk DSO,411073,Pune,Maharashtra,Pune Region,Pune City South,active,V1,,
PO-411003-34b741,Ammunition Factory Khadki S.O,411003,Pune,Maharashtra,Pune Region,Pune City North,active,V1,,
PO-411051-877b0c,Anandnagar S.O,411051,Pune,Maharashtra,Pune Region,Pune City South,active,V1,,
PO-411021-b6e411,Armament S.O,411021,Pune,Maharashtra,Pune Region,Pune City West,active,V1,,
PO-411067-bfc198,Aundh S.O -Pune,411067,Pune,Maharashtra,Pune Region,Pune City West,active,V1,,
PO-411007-10daee,Aundh T.S. S.O,411007,Pune,Maharashtra,Pune Region,Pune City West,active,V1,,
PO-411002-d8d58b,Bajirao Road S.O,411002,Pune,Maharashtra,Pune Region,Pune City West,active,V1,,
PO-411069-a11a02,Baner DSO Pune,411069,Pune,Maharashtra,Pune Region,Pune City West,active,V1,,
PO-411071-b69a05,Bavdhan SO,411071,Pune,Maharashtra,Pune Region,Pune City West,active,V1,,
PO-411042-28000f,Bhavani Peth S.O,411042,Pune,Maharashtra,Pune Region,Pune City East,active,V1,,
PO-411038-af51a6,Bhusari Colony S.O,411038,Pune,Maharashtra,Pune Region,Pune City West,active,V1,,
PO-411037-f8f396,Bibvewadi S.O,411037,Pune,Maharashtra,Pune Region,Pune City South,active,V1,,
PO-411020-66a778,Botanical Garden S.O - Pune,411020,Pune,Maharashtra,Pune Region,Pune City West,active,V1,,
PO-411001-d30fab,C D A -O S.O,411001,Pune,Maharashtra,Pune Region,Pune City East,active,V1,,
PO-411005-e4fda4,Congress House Road S.O,411005,Pune,Maharashtra,Pune Region,Pune City West,active,V1,,
PO-412112-fd5748,Dasve Lavasa S.O,412112,Pune,Maharashtra,Pune Region,Pune City West,active,V1,,
PO-411004-ce67e2,Deccan Gymkhana S.O,411004,Pune,Maharashtra,Pune Region,Pune City West,active,V1,,
PO-411043-15aff2,Dhankawadi S.O,411043,Pune,Maharashtra,Pune Region,Pune City South,active,V1,,
PO-411015-38fa16,Dhanori B.O,411015,Pune,Maharashtra,Pune Region,Pune City North,active,V1,,
PO-411015-c21442,Dighi Camp S.O,411015,Pune,Maharashtra,Pune Region,Pune City North,active,V1,,
PO-411001-467002,Dr.B.A. Chowk S.O,411001,Pune,Maharashtra,Pune Region,Pune City East,active,V1,,
PO-411014-b95d68,Dunkirk lines S.O,411014,Pune,Maharashtra,Pune Region,Pune City East,active,V1,,
PO-411003-2a3a87,East Khadki S.O,411003,Pune,Maharashtra,Pune Region,Pune City North,active,V1,,
PO-411038-88cce4,Ex. Serviceman Colony S.O,411038,Pune,Maharashtra,Pune Region,Pune City West,active,V1,,
PO-411004-8bba75,Film Institute S.O,411004,Pune,Maharashtra,Pune Region,Pune City West,active,V1,,
PO-411007-b11c7b,Ganeshkhind S.O,411007,Pune,Maharashtra,Pune Region,Pune City West,active,V1,,
PO-411042-d585ad,Ghorpade Peth S.O,411042,Pune,Maharashtra,Pune Region,Pune City East,active,V1,,
PO-411001-52fd42,Ghorpuri Bazar S.O,411001,Pune,Maharashtra,Pune Region,Pune City East,active,V1,,
PO-411028-4e7d92,Gondhale Nagar S.O,411028,Pune,Maharashtra,Pune Region,Pune City East,active,V1,,
PO-411016-2a04b4,Govt. Polytechnic S.O,411016,Pune,Maharashtra,Pune Region,Pune City West,active,V1,,
PO-411042-0f417d,Guruwar Peth S.O,411042,Pune,Maharashtra,Pune Region,Pune City West,active,V1,,
PO-411003-a4f0e2,H.E. Factory S.O,411003,Pune,Maharashtra,Pune Region,Pune City North,active,V1,,
PO-411028-bac7e5,Hadapsar S.O,411028,Pune,Maharashtra,Pune Region,Pune City East,active,V1,,
PO-411013-d8f98b,Hadpsar I.E. S.O,411013,Pune,Maharashtra,Pune Region,Pune City East,active,V1,,
PO-411032-bf7697,Iaf Station S.O,411032,Pune,Maharashtra,Pune Region,Pune City East,active,V1,,
PO-411052-e815ec,Karvenagar S.O,411052,Pune,Maharashtra,Pune Region,Pune City West,active,V1,,
PO-411011-aa82eb,Kasba Peth S.O,411011,Pune,Maharashtra,Pune Region,Pune City West,active,V1,,
PO-411046-467ffa,Katraj S.O,411046,Pune,Maharashtra,Pune Region,Pune City South,active,V1,,
PO-411024-36b1c2,Khadakwasla R.S. S.O,411024,Pune,Maharashtra,Pune Region,Pune City West,active,V1,,
PO-411003-cdc7c0,Khadki Bazar S.O,411003,Pune,Maharashtra,Pune Region,Pune City North,active,V1,,
PO-411003-e3cc54,Khadki S.O,411003,Pune,Maharashtra,Pune Region,Pune City North,active,V1,,
PO-412205-0a0684,Khed Shivapur Baug S.O,412205,Pune,Maharashtra,Pune Region,Pune City South,active,V1,,
PO-411048-889157,Kondhwa BK B.O,411048,Pune,Maharashtra,Pune Region,Pune City South,active,V1,,
PO-411048-0749ca,Kondhwa KH B.O,411048,Pune,Maharashtra,Pune Region,Pune City South,active,V1,,
PO-411048-4e9b23,Kondhwa Lh B.O,411048,Pune,Maharashtra,Pune Region,Pune City South,active,V1,,
PO-411038-9503e5,Kothrud S.O,411038,Pune,Maharashtra,Pune Region,Pune City West,active,V1,,
PO-411047-eb27bc,Lohogaon S.O,411047,Pune,Maharashtra,Pune Region,Pune City North,active,V1,,
PO-411030-f9824b,Lokmanyanagar S.O,411030,Pune,Maharashtra,Pune Region,Pune City West,active,V1,,
PO-411023-9cd609,Mandvi BK B.O,411023,Pune,Maharashtra,Pune Region,Pune City West,active,V1,,
PO-412410-10e297,Mangrul B.O,412410,Pune,Maharashtra,Pune Region,Pune City North,active,V1,,
PO-412307-4c5efe,Manjari BK B.O,412307,Pune,Maharashtra,Pune Region,Pune City East,active,V1,,
PO-412307-0de6ae,Manjari Farm S.O,412307,Pune,Maharashtra,Pune Region,Pune City East,active,V1,,
PO-411016-fa4d7f,Model Colony S.O,411016,Pune,Maharashtra,Pune Region,Pune City West,active,V1,,
PO-411060-53261e,Mohamadwadi S.O,411060,Pune,Maharashtra,Pune Region,Pune City South,active,V1,,
PO-410406-5fd0f8,Morave,410406,Pune,Maharashtra,Pune Region,Pune City West,active,V1,,
PO-411036-8dc56d,Mundhva AV S.O,411036,Pune,Maharashtra,Pune Region,Pune City East,active,V1,,
PO-411036-856dac,Mundhva B.O,411036,Pune,Maharashtra,Pune Region,Pune City East,active,V1,,
PO-412115-7c787d,Muthe B.O,412115,Pune,Maharashtra,Pune Region,Pune City West,active,V1,,
PO-411048-fb2dfd,N I B M S.O,411048,Pune,Maharashtra,Pune Region,Pune City South,active,V1,,
PO-411008-9b40f9,N.C.L. Pune S.O,411008,Pune,Maharashtra,Pune Region,Pune City West,active,V1,,
PO-411023-e780ca,N.D.A. Khadakwasla S.O,411023,Pune,Maharashtra,Pune Region,Pune City West,active,V1,,
PO-411045-0e8724,N.I.A. S.O,411045,Pune,Maharashtra,Pune Region,Pune City West,active,V1,,
PO-411001-9977f4,N.W. College S.O,411001,Pune,Maharashtra,Pune Region,Pune City East,active,V1,,
PO-411002-d435ba,Nana Peth S.O,411002,Pune,Maharashtra,Pune Region,Pune City East,active,V1,,
PO-411068-caf8a3,Nanded S.O-Pune,411068,Pune,Maharashtra,Pune Region,Pune City West,active,V1,,
PO-411030-045347,Narayan Peth S.O,411030,Pune,Maharashtra,Pune Region,Pune City West,active,V1,,
PO-411052-d77f80,Navsahyadri S.O,411052,Pune,Maharashtra,Pune Region,Pune City West,active,V1,,
PO-411009-8c46e7,Parvati S.O,411009,Pune,Maharashtra,Pune Region,Pune City South,active,V1,,
PO-410101-5a7fdf,Pashane B.O,410101,Pune,Maharashtra,Pune Region,Pune City North,active,V1,,
PO-412401-a6e927,Pimpalgaon Tarfa Narayangaon B.O,412401,Pune,Maharashtra,Pune Region,Pune City North,active,V1,,
PO-411001-3a2595,Pune Cantt East S.O,411001,Pune,Maharashtra,Pune Region,Pune City East,active,V1,,
PO-411002-37ec25,Pune City H.O,411002,Pune,Maharashtra,Pune Region,Pune City West,active,V1,,
PO-411001-baa140,Pune H.O,411001,Pune,Maharashtra,Pune Region,Pune City East,active,V1,,
PO-411001-874f04,Pune New Bazar S.O,411001,Pune,Maharashtra,Pune Region,Pune City East,active,V1,,
PO-411020-186dea,Range Hills S.O,411020,Pune,Maharashtra,Pune Region,Pune City West,active,V1,,
PO-411030-1cb9d2,Rashtra Bhasha Bhavan S.O,411030,Pune,Maharashtra,Pune Region,Pune City West,active,V1,,
PO-411011-dc88a6,Rasta Peth S.O,411011,Pune,Maharashtra,Pune Region,Pune City East,active,V1,,
PO-411002-9ced15,Raviwar Peth S.O,411002,Pune,Maharashtra,Pune Region,Pune City West,active,V1,,
PO-411030-7005a6,S.P. College S.O,411030,Pune,Maharashtra,Pune Region,Pune City West,active,V1,,
PO-411005-a8bba9,S.S.C.Exam Board S.O,411005,Pune,Maharashtra,Pune Region,Pune City West,active,V1,,
PO-411001-c4bde7,Sachapir Street S.O,411001,Pune,Maharashtra,Pune Region,Pune City East,active,V1,,
PO-411030-b6855f,Sadashiv Peth S.O,411030,Pune,Maharashtra,Pune Region,Pune City West,active,V1,,
PO-411037-e529b5,Salisbury Park S.O,411037,Pune,Maharashtra,Pune Region,Pune City South,active,V1,,
PO-412115-eb7b77,Sangrun B.O,412115,Pune,Maharashtra,Pune Region,Pune City West,active,V1,,
PO-411028-eec1bf,Sasanenagar S.O,411028,Pune,Maharashtra,Pune Region,Pune City East,active,V1,,
PO-411030-1f9d3d,Shaniwar Peth S.O-Pune,411030,Pune,Maharashtra,Pune Region,Pune City West,active,V1,,
PO-411016-274929,Shivaji Housing Society S.O,411016,Pune,Maharashtra,Pune Region,Pune City West,active,V1,,
PO-411005-7c1dc0,Shivajinagar H.O,411005,Pune,Maharashtra,Pune Region,Pune City West,active,V1,,
PO-411005-2ec08b,Shivajinagar S.O-Pune,411005,Pune,Maharashtra,Pune Region,Pune City West,active,V1,,
PO-411023-10475b,Shivane B.O,411023,Pune,Maharashtra,Pune Region,Pune City West,active,V1,,
PO-411002-ce771f,Shukrawar Peth S.O-Pune,411002,Pune,Maharashtra,Pune Region,Pune City West,active,V1,,
PO-411041-a32f3b,Sinhgad Technical Education Society,411041,Pune,Maharashtra,Pune Region,Pune City South,active,V1,,
PO-412105-355c4d,Solu B.O,412105,Pune,Maharashtra,Pune Region,Pune City North,active,V1,,
PO-411022-5b8fce,Srpf S.O,411022,Pune,Maharashtra,Pune Region,Pune City East,active,V1,,
PO-411021-3cdc26,Sus B.O,411021,Pune,Maharashtra,Pune Region,Pune City West,active,V1,,
PO-411042-008563,Swargate S.O,411042,Pune,Maharashtra,Pune Region,Pune City South,active,V1,,
PO-411037-2d2e43,T.V. Nagar S.O,411037,Pune,Maharashtra,Pune Region,Pune City South,active,V1,,
PO-411023-032430,Uttamnagar B.O,411023,Pune,Maharashtra,Pune Region,Pune City West,active,V1,,
PO-411041-6d2d70,Vadgaon Budruk S.O,411041,Pune,Maharashtra,Pune Region,Pune City South,active,V1,,
PO-411014-4ae8cf,Vadgaon Sheri S.O,411014,Pune,Maharashtra,Pune Region,Pune City East,active,V1,,
PO-411032-f6c27a,Vidyanagar Pune S.O,411032,Pune,Maharashtra,Pune Region,Pune City East,active,V1,,
PO-411014-9a23ea,Viman nagar S.O,411014,Pune,Maharashtra,Pune Region,Pune City East,active,V1,,
PO-411015-03cf8a,Vishrantwadi S.O,411015,Pune,Maharashtra,Pune Region,Pune City North,active,V1,,
PO-411040-710b00,Wanowarie S.O,411040,Pune,Maharashtra,Pune Region,Pune City East,active,V1,,
PO-411058-74e1e0,Warje S.O,411058,Pune,Maharashtra,Pune Region,Pune City West,active,V1,,
PO-411006-6c1108,Yerwada S.O,411006,Pune,Maharashtra,Pune Region,Pune City East,active,V1,,
