officename,pincode,officetype,delivery,divisionname,regionname,circlename,taluk,districtname,statename
"9 BRD B.O","411014","B.O","Delivery","Pune City East","Pune Region","Maharashtra","Pune City","Pune","Maharashtra"
"A.R. Shala S.O","411004","S.O","Delivery","Pune City West","Pune Region","Maharashtra","Pune City","Pune","Maharashtra"
"Airport Pune SO","411032","S.O","Delivery","Pune City East","Pune Region","Maharashtra","Pune City","Pune","Maharashtra"
"Ambarvet B.O","412115","B.O","Delivery","Pune City West","Pune Region","Maharashtra","Mulshi","Pune","Maharashtra"
"Ambegaon Bk DSO","411073","S.O","Delivery","Pune City South","Pune Region","Maharashtra","Pune City","Pune","Maharashtra"
"Ammunition Factory Khadki S.O","411003","S.O","Delivery","Pune City North","Pune Region","Maharashtra","Pune City","Pune","Maharashtra"
"Anandnagar S.O","411051","S.O","Delivery","Pune City South","Pune Region","Maharashtra","Pune City","Pune","Maharashtra"
"Armament S.O","411021","S.O","Delivery","Pune City West","Pune Region","Maharashtra","Pune City","Pune","Maharashtra"
"Aundh S.O -Pune","411067","S.O","Delivery","Pune City West","Pune Region","Maharashtra","Pune City","Pune","Maharashtra"
"Aundh T.S. S.O","411007","S.O","Delivery","Pune City West","Pune Region","Maharashtra","Pune City","Pune","Maharashtra"
"Bajirao Road S.O","411002","S.O","Delivery","Pune City West","Pune Region","Maharashtra","Pune City","Pune","Maharashtra"
"Baner DSO Pune","411069","S.O","Delivery","Pune City West","Pune Region","Maharashtra","Pune City","Pune","Maharashtra"
"Bavdhan SO","411071","S.O","Delivery","Pune City West","Pune Region","Maharashtra","Pune City","Pune","Maharashtra"
"Bhavani Peth S.O","411042","S.O","Delivery","Pune City East","Pune Region","Maharashtra","Pune City","Pune","Maharashtra"
"Bhusari Colony S.O","411038","S.O","Delivery","Pune City West","Pune Region","Maharashtra","Pune City","Pune","Maharashtra"
"Bibvewadi S.O","411037","S.O","Delivery","Pune City South","Pune Region","Maharashtra","Pune City","Pune","Maharashtra"
"Botanical Garden S.O - Pune","411020","S.O","Delivery","Pune City West","Pune Region","Maharashtra","Pune City","Pune","Maharashtra"
"C D A -O S.O","411001","S.O","Delivery","Pune City East","Pune Region","Maharashtra","Pune City","Pune","Maharashtra"
"Congress House Road S.O","411005","S.O","Delivery","Pune City West","Pune Region","Maharashtra","Pune City","Pune","Maharashtra"
"Dasve Lavasa S.O","412112","S.O","Delivery","Pune City West","Pune Region","Maharashtra","Mulshi","Pune","Maharashtra"
"Deccan Gymkhana S.O","411004","S.O","Delivery","Pune City West","Pune Region","Maharashtra","Pune City","Pune","Maharashtra"
"Dhankawadi S.O","411043","S.O","Delivery","Pune City South","Pune Region","Maharashtra","Pune City","Pune","Maharashtra"
"Dhanori B.O","411015","B.O","Delivery","Pune City North","Pune Region","Maharashtra","Pune City","Pune","Maharashtra"
"Dighi Camp S.O","411015","S.O","Delivery","Pune City North","Pune Region","Maharashtra","Pune City","Pune","Maharashtra"
"Dr.B.A. Chowk S.O","411001","S.O","Delivery","Pune City East","Pune Region","Maharashtra","Pune City","Pune","Maharashtra"
"Dunkirk lines S.O","411014","S.O","Delivery","Pune City East","Pune Region","Maharashtra","Pune City","Pune","Maharashtra"
"East Khadki S.O","411003","S.O","Delivery","Pune City North","Pune Region","Maharashtra","Pune City","Pune","Maharashtra"
"Ex. Serviceman Colony S.O","411038","S.O","Delivery","Pune City West","Pune Region","Maharashtra","Pune City","Pune","Maharashtra"
"Film Institute S.O","411004","S.O","Delivery","Pune City West","Pune Region","Maharashtra","Pune City","Pune","Maharashtra"
"Ganeshkhind S.O","411007","S.O","Delivery","Pune City West","Pune Region","Maharashtra","Pune City","Pune","Maharashtra"
"Ghorpade Peth S.O","411042","S.O","Delivery","Pune City East","Pune Region","Maharashtra","Pune City","Pune","Maharashtra"
"Ghorpuri Bazar S.O","411001","S.O","Delivery","Pune City East","Pune Region","Maharashtra","Pune City","Pune","Maharashtra"
"Gondhale Nagar S.O","411028","S.O","Delivery","Pune City East","Pune Region","Maharashtra","Pune City","Pune","Maharashtra"
"Govt. Polytechnic S.O","411016","S.O","Delivery","Pune City West","Pune Region","Maharashtra","Pune City","Pune","Maharashtra"
"Guruwar Peth S.O","411042","S.O","Delivery","Pune City West","Pune Region","Maharashtra","Pune City","Pune","Maharashtra"
"H.E. Factory S.O","411003","S.O","Delivery","Pune City North","Pune Region","Maharashtra","Pune City","Pune","Maharashtra"
"Hadapsar S.O","411028","S.O","Delivery","Pune City East","Pune Region","Maharashtra","Pune City","Pune","Maharashtra"
"Hadpsar I.E. S.O","411013","S.O","Delivery","Pune City East","Pune Region","Maharashtra","Pune City","Pune","Maharashtra"
"Iaf Station S.O","411032","S.O","Delivery","Pune City East","Pune Region","Maharashtra","Pune City","Pune","Maharashtra"
"Karvenagar S.O","411052","S.O","Delivery","Pune City West","Pune Region","Maharashtra","Pune City","Pune","Maharashtra"
"Kasba Peth S.O","411011","S.O","Delivery","Pune City West","Pune Region","Maharashtra","Pune City","Pune","Maharashtra"
"Katraj S.O","411046","S.O","Delivery","Pune City South","Pune Region","Maharashtra","Pune City","Pune","Maharashtra"
"Keshav Nagar Grant BO","271312","B.O","Delivery","Gonda","Gonda","Uttar Pradesh","Gonda","Gonda","Uttar Pradesh"
"Khadakwal BO","396067","B.O","Delivery","Valsad","Vadodara","Gujarat","Valsad","Valsad","Gujarat"
"Khadakwasla R.S. S.O","411024","S.O","Delivery","Pune City West","Pune Region","Maharashtra","Pune City","Pune","Maharashtra"
"Khadki Bazar S.O","411003","S.O","Delivery","Pune City North","Pune Region","Maharashtra","Pune City","Pune","Maharashtra"
"Khadki S.O","411003","S.O","Delivery","Pune City North","Pune Region","Maharashtra","Pune City","Pune","Maharashtra"
"Khed Shivapur Baug S.O","412205","S.O","Delivery","Pune City South","Pune Region","Maharashtra","Haveli","Pune","Maharashtra"
"Kondhwa BK B.O","411048","B.O","Delivery","Pune City South","Pune Region","Maharashtra","Pune City","Pune","Maharashtra"
"Kondhwa KH B.O","411048","B.O","Delivery","Pune City South","Pune Region","Maharashtra","Pune City","Pune","Maharashtra"
"Kondhwa Lh B.O","411048","B.O","Delivery","Pune City South","Pune Region","Maharashtra","Pune City","Pune","Maharashtra"
"Kothrud S.O","411038","S.O","Delivery","Pune City West","Pune Region","Maharashtra","Pune City","Pune","Maharashtra"
"Lohogaon S.O","411047","S.O","Delivery","Pune City North","Pune Region","Maharashtra","Pune City","Pune","Maharashtra"
"Lokmanyanagar S.O","411030","S.O","Delivery","Pune City West","Pune Region","Maharashtra","Pune City","Pune","Maharashtra"
"Mandvi BK B.O","411023","B.O","Delivery","Pune City West","Pune Region","Maharashtra","Haveli","Pune","Maharashtra"
"Mangrul B.O","412410","B.O","Delivery","Pune City North","Pune Region","Maharashtra","Junnar","Pune","Maharashtra"
"Manjari BK B.O","412307","B.O","Delivery","Pune City East","Pune Region","Maharashtra","Haveli","Pune","Maharashtra"
"Manjari Farm S.O","412307","S.O","Delivery","Pune City East","Pune Region","Maharashtra","Haveli","Pune","Maharashtra"
"Manne Rajaram B.O","442710","B.O","Delivery","Chandrapur","Nagpur","Maharashtra","Sironcha","Gadchiroli","Maharashtra"
"Model Colony S.O","411016","S.O","Delivery","Pune City West","Pune Region","Maharashtra","Pune City","Pune","Maharashtra"
"Mohamadwadi S.O","411060","S.O","Delivery","Pune City South","Pune Region","Maharashtra","Pune City","Pune","Maharashtra"
"Morave","410406","B.O","Delivery","Pune City West","Pune Region","Maharashtra","Maval","Pune","Maharashtra"
"Mundhva AV S.O","411036","S.O","Delivery","Pune City East","Pune Region","Maharashtra","Pune City","Pune","Maharashtra"
"Mundhva B.O","411036","B.O","Delivery","Pune City East","Pune Region","Maharashtra","Pune City","Pune","Maharashtra"
"Muthe B.O","412115","B.O","Delivery","Pune City West","Pune Region","Maharashtra","Mulshi","Pune","Maharashtra"
"N I B M S.O","411048","S.O","Delivery","Pune City South","Pune Region","Maharashtra","Pune City","Pune","Maharashtra"
"N.C.L. Pune S.O","411008","S.O","Delivery","Pune City West","Pune Region","Maharashtra","Pune City","Pune","Maharashtra"
"N.D.A. Khadakwasla S.O","411023","S.O","Delivery","Pune City West","Pune Region","Maharashtra","Pune City","Pune","Maharashtra"
"N.I.A. S.O","411045","S.O","Delivery","Pune City West","Pune Region","Maharashtra","Pune City","Pune","Maharashtra"
"N.W. College S.O","411001","S.O","Delivery","Pune City East","Pune Region","Maharashtra","Pune City","Pune","Maharashtra"
"Nana Peth S.O","411002","S.O","Delivery","Pune City East","Pune Region","Maharashtra","Pune City","Pune","Maharashtra"
"Nanded S.O-Pune","411068","S.O","Delivery","Pune City West","Pune Region","Maharashtra","Haveli","Pune","Maharashtra"
"Narayan Peth S.O","411030","S.O","Delivery","Pune City West","Pune Region","Maharashtra","Pune City","Pune","Maharashtra"
"Navsahyadri S.O","411052","S.O","Delivery","Pune City West","Pune Region","Maharashtra","Pune City","Pune","Maharashtra"
"Parvati S.O","411009","S.O","Delivery","Pune City South","Pune Region","Maharashtra","Pune City","Pune","Maharashtra"
"Pashane B.O","410101","B.O","Delivery","Pune City North","Pune Region","Maharashtra","Maval","Pune","Maharashtra"
"Pimpalgaon Tarfa Narayangaon B.O","412401","B.O","Delivery","Pune City North","Pune Region","Maharashtra","Junnar","Pune","Maharashtra"
"Pune Cantt East S.O","411001","S.O","Delivery","Pune City East","Pune Region","Maharashtra","Pune City","Pune","Maharashtra"
"Pune City H.O","411002","H.O","Delivery","Pune City West","Pune Region","Maharashtra","Pune City","Pune","Maharashtra"
"Pune H.O","411001","H.O","Delivery","Pune City East","Pune Region","Maharashtra","Pune City","Pune","Maharashtra"
"Pune New Bazar S.O","411001","S.O","Delivery","Pune City East","Pune Region","Maharashtra","Pune City","Pune","Maharashtra"
"Range Hills S.O","411020","S.O","Delivery","Pune City West","Pune Region","Maharashtra","Pune City","Pune","Maharashtra"
"Rashtra Bhasha Bhavan S.O","411030","S.O","Delivery","Pune City West","Pune Region","Maharashtra","Pune City","Pune","Maharashtra"
"Rasta Peth S.O","411011","S.O","Delivery","Pune City East","Pune Region","Maharashtra","Pune City","Pune","Maharashtra"
"Raviwar Peth S.O","411002","S.O","Delivery","Pune City West","Pune Region","Maharashtra","Pune City","Pune","Maharashtra"
"S.P. College S.O","411030","S.O","Delivery","Pune City West","Pune Region","Maharashtra","Pune City","Pune","Maharashtra"
"S.S.C.Exam Board S.O","411005","S.O","Delivery","Pune City West","Pune Region","Maharashtra","Pune City","Pune","Maharashtra"
"SRPF S.O","440016","S.O","Delivery","Nagpur City","Nagpur","Maharashtra","Nagpur","Nagpur","Maharashtra"
"Sachapir Street S.O","411001","S.O","Delivery","Pune City East","Pune Region","Maharashtra","Pune City","Pune","Maharashtra"
"Sadashiv Peth S.O","411030","S.O","Delivery","Pune City West","Pune Region","Maharashtra","Pune City","Pune","Maharashtra"
"Salisbury Park S.O","411037","S.O","Delivery","Pune City South","Pune Region","Maharashtra","Pune City","Pune","Maharashtra"
"Sangrun B.O","412115","B.O","Delivery","Pune City West","Pune Region","Maharashtra","Haveli","Pune","Maharashtra"
"Sasanenagar S.O","411028","S.O","Delivery","Pune City East","Pune Region","Maharashtra","Pune City","Pune","Maharashtra"
"Shaniwar Peth S.O-Pune","411030","S.O","Delivery","Pune City West","Pune Region","Maharashtra","Pune City","Pune","Maharashtra"
"Shivaji Housing Society S.O","411016","S.O","Delivery","Pune City West","Pune Region","Maharashtra","Pune City","Pune","Maharashtra"
"Shivajinagar H.O","411005","H.O","Delivery","Pune City West","Pune Region","Maharashtra","Pune City","Pune","Maharashtra"
"Shivajinagar S.O-Pune","411005","S.O","Delivery","Pune City West","Pune Region","Maharashtra","Pune City","Pune","Maharashtra"
"Shivane B.O","411023","B.O","Delivery","Pune City West","Pune Region","Maharashtra","Haveli","Pune","Maharashtra"
"Shukrawar Peth S.O-Pune","411002","S.O","Delivery","Pune City West","Pune Region","Maharashtra","Pune City","Pune","Maharashtra"
"Sinhgad Technical Education Society","411041","S.O","Delivery","Pune City South","Pune Region","Maharashtra","Haveli","Pune","Maharashtra"
"Solu B.O","412105","B.O","Delivery","Pune City North","Pune Region","Maharashtra","Khed","Pune","Maharashtra"
"Srpf S.O","411022","S.O","Delivery","Pune City East","Pune Region","Maharashtra","Pune City","Pune","Maharashtra"
"Sus B.O","411021","B.O","Delivery","Pune City West","Pune Region","Maharashtra","Mulshi","Pune","Maharashtra"
"Swargate S.O","411042","S.O","Delivery","Pune City South","Pune Region","Maharashtra","Pune City","Pune","Maharashtra"
"T.V. Nagar S.O","411037","S.O","Delivery","Pune City South","Pune Region","Maharashtra","Pune City","Pune","Maharashtra"
"Uttamnagar B.O","411023","B.O","Delivery","Pune City West","Pune Region","Maharashtra","Haveli","Pune","Maharashtra"
"Vadgaon Budruk S.O","411041","S.O","Delivery","Pune City South","Pune Region","Maharashtra","Haveli","Pune","Maharashtra"
"Vadgaon Sheri S.O","411014","S.O","Delivery","Pune City East","Pune Region","Maharashtra","Pune City","Pune","Maharashtra"
"Vidyanagar Pune S.O","411032","S.O","Delivery","Pune City East","Pune Region","Maharashtra","Pune City","Pune","Maharashtra"
"Viman nagar S.O","411014","S.O","Delivery","Pune City East","Pune Region","Maharashtra","Pune City","Pune","Maharashtra"
"Vishrantwadi S.O","411015","S.O","Delivery","Pune City North","Pune Region","Maharashtra","Pune City","Pune","Maharashtra"
"Wanowarie S.O","411040","S.O","Delivery","Pune City East","Pune Region","Maharashtra","Pune City","Pune","Maharashtra"
"Warje S.O","411058","S.O","Delivery","Pune City West","Pune Region","Maharashtra","Pune City","Pune","Maharashtra"
"Yerwada S.O","411006","S.O","Delivery","Pune City East","Pune Region","Maharashtra","Pune City","Pune","Maharashtra"
